Mã sản phẩm,Tên sản phẩm,Giá,Doanh thu,Tên cửa hàng,Tỉ lệ hoa hồng,Hoa hồng,Link sản phẩm,Link ưu đãi
54250586830,Cầu lông vịt đen lông ngỗng lông lông lông lông lông lông lông lông lông lông lông liuzhi.my20251031,"71,3k",0,294olnmcshop.vn,"3,3%",₫2.138,https://shopee.vn/product/1663769776/54250586830,https://s.shopee.vn/9AHZefhXCb
29818029666,🔥 Vợt cầu lông bằng sợi carbon 🔥 có hàng sẵn Vợt cầu lông siêu nhẹ Bộ vợt cầu lông đơn Hàng sẵn vợt cầu lông Sản phẩm vợt cầu lông chất lượng Bộ vợt cầu lông đôi ❣Vợt Cầu Lông Anta Hàng Chính Hãng Flagship Store Phù Hợp Với Full Sợi Carbon Người Lớn Và,"614,0k",1,shamei006.vn,"3,3%",₫18.419,https://shopee.vn/product/815572080/29818029666,https://s.shopee.vn/8fLJ3kjRDW
40125012687,RSL Tourney Cầu Lông Cầu Lông Số 5 Vịt Chất Lượng Cao Lông Cầu Lông Bóng Cầu Lông Cầu Lông Cầu Lông,"676,1k",0,frontierfashionxh.vn,"3,3%",₫20.282,https://shopee.vn/product/1608626171/40125012687,https://s.shopee.vn/8pejG3insZ
43375012861,YONEX Cầu Lông Cầu Lông AS50 Bóng Cầu Lông 12 Chiếc Lông Ngỗng Lông Cầu Lông Cầu Lông,"592,9k",0,frontierfashionxh.vn,"3,3%",₫17.788,https://shopee.vn/product/1608626171/43375012861,https://s.shopee.vn/8KiSf8khtU
29478227358,"Máy tạo độ ẩm cầu lông COOLCELLS, Máy tạo độ ẩm cầu lông nhỏ TYPE-C, Dụng cụ tạo độ ẩm cầu lông có thể sạc lại Mũ ống cầu lông di động có thể đánh bại Mũ cầu lông phù hợp với cầu lông","167,9k",1,coolcells Mall,"3,3%",₫5.038,https://shopee.vn/product/1261400832/29478227358,https://s.shopee.vn/8V1srRk4YX
44902096316,RA- 3 / 6 / 12 Chiếc Cầu Lông Cầu Lông Chim Lông Cầu Lông Vịt Đen Lông Cầu Lông Bóng Cầu Lông Cho Trong Nhà Huấn Luyện Thể Thao Ngoài Trời,"59,4k",0,rainbowsuitla.vn,"3,3%",₫1.782,https://shopee.vn/product/1608686143/44902096316,https://s.shopee.vn/805cGWlyZS
56501298982,Cầu lông có thiết kế lỗ thông hơi Cầu lông bền Cầu lông cầu lông có đèn Led Cầu lông cầu lông 2 gói cho hoạt động thể thao ban đêm ở Đông Nam Á,"58,3k",0,shallalyxr.vn,"3,3%",₫1.750,https://shopee.vn/product/1618684435/56501298982,https://s.shopee.vn/8AP2SplLEV
40902621794,Sản phẩm còn hàng dán bảo vệ vợt cầu lông đồ bảo vệ vợt cầu lông bảo vệ khung vợt cầu lông Hoạt hình AnimeSản phẩm còn hàng dễ thương vợt cầu lông trẻ em vợt cầu lông chính hãng 100% Miếng dán bảo vệ đầu vợt cầu lông Doraemon dày dặn chống ,"47,6k",1,colour rhyme,"3,3%",₫1.428,https://shopee.vn/product/1171916178/40902621794,https://s.shopee.vn/7fSlrunFFQ
24920970147,[Ciswge] 3 / 6 / 12 Chiếc Cầu Lông Chuyên Nghiệp Cầu Lông Ngỗng Đen Cầu Lông Cầu Lông Cầu Lông Huấn Luyện Bóng Cầu Lông Thể Thao [MỚI],"62,7k",9,CISWGE,"3,3%",₫1.882,https://shopee.vn/product/253542207/24920970147,https://s.shopee.vn/7pmC4DmbuT
41402612099,"Sản phẩm còn hàng dán bảo vệ vợt cầu lông đồ bảo vệ vợt cầu lông bảo vệ khung vợt cầu lông Hoạt hình AnimeSản phẩm còn hàng dễ thương vợt cầu lông trẻ em vợt cầu lông chính hãng 100% Vợt cầu lông Doraemon mẫu mới, băng dính hút mồ hôi, băng dính chống ","47,6k",5,colour rhyme,"3,3%",₫1.428,https://shopee.vn/product/1171916178/41402612099,https://s.shopee.vn/7KpvTIoVvO
49650416130,Cầu Lông Tay Keo Cầu Lông Cầu Lông Tay Keo Cầu Lông Cầu Lông Tay Keo Nhấp Nháy Vợt Cầu Lông Keo Tay Đề Nghị Lớp Mềm Sáp Dính Tay Sw,"70,2k",0,damai0025n.vn,"3,3%",₫2.106,https://shopee.vn/product/1663450532/49650416130,https://s.shopee.vn/7V9LfbnsaR
28368160501,[Wharick] 3 / 6 / 12 Chiếc Cầu Lông Cầu Lông Chim Lông Cầu Lông Vịt Đen Lông Cầu Lông Bóng Cầu Lông Cho Trong Nhà Huấn Luyện Thể Thao Ngoài Trời,"62,8k",0,Wharick,"3,3%",₫1.885,https://shopee.vn/product/301919662/28368160501,https://s.shopee.vn/70D54gpmbM
44502998053,Dây vợt cầu lông sợi nylon Dây cầu lông Dây lưới cầu lông Dòng cầu lông Số lượng lớn Loại tích hợp Độ đàn hồi cao Dây vợt cầu lông sợi nylon Dây cầu lông lông20251212,"176,0k",0,mu489656778924al.vn,"3,3%",₫5.281,https://shopee.vn/product/1382786910/44502998053,https://s.shopee.vn/7AWVGzp9GP
47002408874,"Máy tạo độ ẩm cầu lông HUIJIANGGU, Máy tạo độ ẩm cầu lông di động TYPE-C, Dụng cụ tạo độ ẩm cầu lông có thể sạc lại Mũ ống cầu lông có thể đánh bại nhỏ Mũ cầu lông phù hợp với cầu lông","164,1k",0,huijiang33r0.vn,"3,3%",₫4.922,https://shopee.vn/product/526272112/47002408874,https://s.shopee.vn/6faEg4r3HK
44653018577,"Máy tạo độ ẩm cầu lông FENGCY, Máy tạo độ ẩm cầu lông di động TYPE-C, Dụng cụ tạo độ ẩm cầu lông Công cụ tạo độ ẩm cầu lông nhỏ có thể sạc lại Mũ ống chim cầu lông phù hợp với cầu lông","216,0k",0,fengcyog.vn,"3,3%",₫6.480,https://shopee.vn/product/1618443228/44653018577,https://s.shopee.vn/6ptesNqPwN
43173990521,Cầu Lông Chuyên Nghiệp Cầu Lông Bóng Cầu Lông Chuyên Nghiệp 12 Chiếc Giải Đấu Cầu Lông Cầu Lông Tốc Độ Cao Ổn Định Chuyến Bay Chuyên Nghiệp Cho Cầu Lông,"209,5k",0,shallaly4f.vn,"3,3%",₫6.286,https://shopee.vn/product/1618684519/43173990521,https://s.shopee.vn/6KxOHSsJxI
41402612165,"Sản phẩm còn hàng dán bảo vệ vợt cầu lông đồ bảo vệ vợt cầu lông bảo vệ khung vợt cầu lông Hoạt hình AnimeSản phẩm còn hàng dễ thương vợt cầu lông trẻ em vợt cầu lông chính hãng 100% Tay cầm vợt cầu lông cao su Sanrio hellokitty, tay cầm, dây quấn","104,8k",1,colour rhyme,"3,3%",₫3.144,https://shopee.vn/product/1171916178/41402612165,https://s.shopee.vn/6VGoTlrgcL
23551773263,"6 cầu lông nhựa，Cầu lông nylon, cầu lông mới tập, cầu lông chống gió, cầu lông dạ quang,cầu lông vịt","21,6k",4k+,Yunt Sports Entertainment Shop,"3,3%",₫648,https://shopee.vn/product/82585237/23551773263,https://s.shopee.vn/60KXsqtadG
46450771134,Vớ cầu lông thấm mồ hôi dày Tất giữa thời trang Tất cầu lông Bóng rổ thể thao Tất cầu lông Tất cầu lông Tất thông thường Cầu lông Khử mùi thấm mồ hôi Tất dài vừa phải Tất cầu lông,"117,7k",0,yiwuer.vn,"3,3%",₫3.532,https://shopee.vn/product/311043012/46450771134,https://s.shopee.vn/6Ady59sxIJ
28531851218,Shgd > 3 / 6 / 12 Chiếc Cầu Lông Chuyên Nghiệp Cầu Lông Lông Ngỗng Đen Lông Cầu Lông Cầu Lông Huấn Luyện Bóng Cầu Lông Thể Thao Mới,"57,3k",4,SHGMYD,"3,3%",₫1.720,https://shopee.vn/product/240849341/28531851218,https://s.shopee.vn/5fhhUEurJE
